{"cameraMode":{"drawMode":0,"name":"Shaded","section":"Shading Mode"},"sceneLighting":false,"audioPlay":false,"sceneViewState":{"m_AlwaysRefresh":false,"showFog":true,"showSkybox":false,"showFlares":true,"showImageEffects":true,"showParticleSystems":true,"showVisualEffectGraphs":true,"m_FxEnabled":true},"in2DMode":false,"pivot":{"x":-3.5435338020324709,"y":1.0610527992248536,"z":-10.28094482421875},"rotation":{"x":0.3438107669353485,"y":0.11984099447727204,"z":-0.044285573065280917,"w":0.9303051829338074},"size":3.4799718856811525,"orthographic":false}